{"avg_mm_per_frame": -0.7349487759015462, "avg_mm_per_sec": -44.2552117142075}